Feb 24, 2020 20:37:06.113633000 EST|0x00000000|0x0000c1b5|eb:ff:89:c0:c6:22:06:62:e2:74:5d:95:df:71:b7:d9:db:00:f8:44:b5:65:2c:9c:7d:77:31:3b:24:17:de:8e:a6:ef:d2
Feb 24, 2020 20:37:06.155652000 EST|0x00000000|0x0000c1b5|a6:b5:82:9f:ee:45:bc:0c:4c:0f:2d:1d:72:d5
Feb 24, 2020 20:37:06.161831000 EST|0x0000c1b5|0x00000000|a6:4f
Feb 24, 2020 20:37:06.167177000 EST|0x0000c1b5|0x00000000|bb:da
Feb 24, 2020 20:37:06.170265000 EST|0x00000000|0x0000c1b5|8c:1c:59:2b:6a:1d:1f:b3:ee:dd:03
Feb 24, 2020 20:37:06.175257000 EST|0x0000c1b5|0x00000000|ce:db
Feb 24, 2020 20:37:06.179612000 EST|0x0000c1b5|0x00000000|86:7e
Feb 24, 2020 20:37:06.211463000 EST|0x0000c1b5|0x00000000|0f:74:68:17:df:6c:40:69:23:44:de:54:12
Feb 24, 2020 20:37:06.214548000 EST|0x0000c1b5|0x00000000|bf:9c:af:03:3a:98:1f:cd
Feb 24, 2020 20:37:06.221179000 EST|0x00000000|0x0000c1b5|82:6b:a8:bf:60:42:2a:df
Feb 24, 2020 20:37:06.225892000 EST|0x0000c1b5|0x00000000|a6:51:7a:73:c7:89:a1:11:7c:05:df:45:c2:0b:98
Feb 24, 2020 20:37:06.231339000 EST|0x0000c1b5|0x00000000|f4:96:f7:c9:ec:83:b4:39
Feb 24, 2020 20:37:06.236511000 EST|0x00000000|0x0000c1b5|b0:63:8f:2d:f5:4a:71:b0
Feb 24, 2020 20:37:06.243229000 EST|0x00000000|0x0000c1b5|d1:a7:fa:95:58:fd:a1:aa:e3:fa:f5:f7:91:cc:54:f9:13:ed:39
Feb 24, 2020 20:37:06.249309000 EST|0x0000c1b5|0x00000000|91:1f
Feb 24, 2020 20:37:06.296136000 EST|0x0000c1b5|0x00000000|a2:01
Feb 24, 2020 20:37:06.301853000 EST|0x0000c1b5|0x00000000|49:1e
Feb 24, 2020 20:37:06.307208000 EST|0x0000c1b5|0x00000000|f2:95:d4:1b:58:02:ed:11
Feb 24, 2020 20:37:06.341147000 EST|0x0000c1b5|0x00000000|f1:2c:57:f1:db:8c:7d:47:0c:f1:77:cc:fc:ca:03:d0:0f:d6:d1:55:ce:6b:43:01:8e:5e:81:32:98:36:2b:cb:1d:07:87:c0:a7:7b:9e:8a:6a:57:f8
Feb 24, 2020 20:37:06.345867000 EST|0x0000c1b5|0x00000000|b5:74:d7:ad:f9:49:ca:27
Feb 24, 2020 20:37:06.428812000 EST|0x00000000|0x0000c1b5|29:d8:ca:5a:4f:18:29:82:0d:65:df:6e:e3
Feb 24, 2020 20:37:06.435710000 EST|0x0000c1b5|0x00000000|45:68
Feb 24, 2020 20:37:06.441070000 EST|0x0000c1b5|0x00000000|69:9c
Feb 24, 2020 20:37:06.484173000 EST|0x0000c1b5|0x00000000|86:ad:5f:4a:06:71:f4:6d:90:0f:21:4d:93:4a:7d:1f
Feb 24, 2020 20:37:06.488530000 EST|0x0000c1b5|0x00000000|98:01:52:f7:2e:e8:c2:e1
Feb 24, 2020 20:37:06.493241000 EST|0x00000000|0x0000c1b5|7e:91:d0:37:5d:d6:38:58
Feb 24, 2020 20:37:06.550598000 EST|0x00000000|0x0000c1b5|30:65:7a:85:da:2a:63:39:23:17:89:2a:9f
Feb 24, 2020 20:37:06.558407000 EST|0x0000c1b5|0x00000000|c5:7d
Feb 24, 2020 20:37:06.561850000 EST|0x0000c1b5|0x00000000|3d:c7
Feb 24, 2020 20:37:06.604142000 EST|0x0000c1b5|0x00000000|f2:72:ed:ca:5e:28:c0:10:6e:b0:e1:df:b3:ce:39:83:3e:1c:4d
Feb 24, 2020 20:37:06.607861000 EST|0x0000c1b5|0x00000000|c3:ca:96:d0:ef:45:81:fe
Feb 24, 2020 20:37:06.614757000 EST|0x00000000|0x0000c1b5|f7:11:93:a8:9d:70:ee:7c
Feb 24, 2020 20:37:06.661403000 EST|0x00000000|0x0000c1b5|1d:21:89:a7:f8:08:9f:a0:d1:84:a1:c5:43
Feb 24, 2020 20:37:06.667667000 EST|0x0000c1b5|0x00000000|98:bc
Feb 24, 2020 20:37:06.671384000 EST|0x0000c1b5|0x00000000|46:90
Feb 24, 2020 20:37:06.721940000 EST|0x0000c1b5|0x00000000|0d:15:fb:67:d7:82:46:fe:e2:9c:63:6c:6f:16:41:37:93:70:f8:35:5e:cb:97:cc:b2:d4:19:c5:26:e4:2c:f7:76:c2:d6:53
Feb 24, 2020 20:37:06.725382000 EST|0x0000c1b5|0x00000000|9a:fb:80:56:ea:ee:1a:76
Feb 24, 2020 20:37:06.731897000 EST|0x00000000|0x0000c1b5|5c:9d:92:db:3e:32:6e:1e
Feb 24, 2020 20:37:06.784505000 EST|0x00000000|0x0000c1b5|db:71:29:8f:eb:03:9b:41:5f:20:71:64
Feb 24, 2020 20:37:06.793669000 EST|0x0000c1b5|0x00000000|2c:7d
Feb 24, 2020 20:37:06.837503000 EST|0x0000c1b5|0x00000000|d7:8c:d1:7a:b8:92:33:cc:58:d7:75:38:4e:6a:2d:ae:e4:eb:5b:08:cf:61:73
Feb 24, 2020 20:37:06.841135000 EST|0x0000c1b5|0x00000000|f7:bb:2e:79:60:4a:40:b8
Feb 24, 2020 20:37:06.848573000 EST|0x00000000|0x0000c1b5|3a:70:c9:82:ad:2d:0f:c0
Feb 24, 2020 20:37:06.906473000 EST|0x00000000|0x0000c1b5|11:b0:60:4a:f5:fe:0f:23:d0:64
Feb 24, 2020 20:37:06.911191000 EST|0x0000c1b5|0x00000000|fa:31
Feb 24, 2020 20:37:06.916183000 EST|0x0000c1b5|0x00000000|f4:1d
Feb 24, 2020 20:37:06.960564000 EST|0x0000c1b5|0x00000000|c1:31:9e:6b:4b:4a:33:30:15:bc:90:b7:eb
Feb 24, 2020 20:37:06.963734000 EST|0x0000c1b5|0x00000000|18:79:a4:d4:56:5e:08:c6
Feb 24, 2020 20:37:06.970450000 EST|0x00000000|0x0000c1b5|0a:f2:cf:6e:10:2f:19:e6
Feb 24, 2020 20:37:08.177523000 EST|0x00000000|0x0000c1b5|6e:62:c0:85:55:f0:23:f1:bd:c8:ea:ce:0d
Feb 24, 2020 20:37:08.185048000 EST|0x0000c1b5|0x00000000|a2:8a
Feb 24, 2020 20:37:08.189679000 EST|0x0000c1b5|0x00000000|0d:9c
Feb 24, 2020 20:37:08.232509000 EST|0x0000c1b5|0x00000000|5f:66:26:07:61:0b:c5:1c:91:1c:b4:81:4c:5a:27:7e
Feb 24, 2020 20:37:08.236863000 EST|0x0000c1b5|0x00000000|74:ad:06:28:8a:bb:a4:5f
Feb 24, 2020 20:37:08.240315000 EST|0x00000000|0x0000c1b5|c7:d8:46:60:1f:19:1c:b9
Feb 24, 2020 20:37:08.473723000 EST|0x0000c1b5|0x00000000|c8:93
Feb 24, 2020 20:37:08.521822000 EST|0x0000c1b5|0x00000000|33:02:cc:a9:5f:fa:2a:ce:b0:96:bc
Feb 24, 2020 20:37:08.533254000 EST|0x00000000|0x0000c1b5|45:b0:78:39:b3:18:7d:19:84:a1:8d:b7:04:a3:11:2a:20:bc:57:86:29:4b:fc:1e:0c
Feb 24, 2020 20:37:08.539424000 EST|0x00000000|0x0000c1b5|f3:33:f3:8d:96:60:9e:45
Feb 24, 2020 20:37:08.542963000 EST|0x0000c1b5|0x00000000|51:81
Feb 24, 2020 20:37:08.546594000 EST|0x00000000|0x0000c1b5|cf:ab:3e:65:b8:fc:8c:e9
Feb 24, 2020 20:37:08.587708000 EST|0x0000c1b5|0x00000000|99:4f:fa:d9:1e:45:06:40
Feb 24, 2020 20:37:10.127278000 EST|0x00000000|0x0000c1b5|d7:f0:9d:ba:62:dd:e0:8d:2f:b4:39:a3:c5
Feb 24, 2020 20:37:10.133672000 EST|0x0000c1b5|0x00000000|6a:74
Feb 24, 2020 20:37:10.137032000 EST|0x0000c1b5|0x00000000|49:6a
Feb 24, 2020 20:37:10.182822000 EST|0x0000c1b5|0x00000000|d0:2d:5d:c8:4c:f1:ad:ba:26:94:9a:ec:b3:5b:00:af
Feb 24, 2020 20:37:10.186261000 EST|0x0000c1b5|0x00000000|c5:d1:9c:aa:76:94:57:2e
Feb 24, 2020 20:37:10.193071000 EST|0x00000000|0x0000c1b5|5b:26:bd:ce:f2:70:02:79
Feb 24, 2020 20:37:12.117145000 EST|0x00000000|0x0000c1b5|69:ca:cb:03:d6:da:d8:8e:3e:a0:49:59:7a:59:49:54:7d:e5:97:06:b5:89:f1:c9:17:e1:44:4a:88:71
Feb 24, 2020 20:37:12.124134000 EST|0x0000c1b5|0x00000000|65:e4
Feb 24, 2020 20:37:12.127856000 EST|0x0000c1b5|0x00000000|4c:19
Feb 24, 2020 20:37:12.172145000 EST|0x0000c1b5|0x00000000|b3:fc:09:ea:17:51:d2:f2:32:3c
Feb 24, 2020 20:37:12.175587000 EST|0x0000c1b5|0x00000000|57:7b:a5:28:60:be:f7:d9
Feb 24, 2020 20:37:12.181937000 EST|0x00000000|0x0000c1b5|ce:a3:51:33:e4:63:a0:e6
Feb 24, 2020 20:37:14.134341000 EST|0x00000000|0x0000c1b5|e8:22:bd:b4:05:62:3d:8d:33:9a:59:98:0f:9c:57:f7:f0:53:fe
Feb 24, 2020 20:37:14.142952000 EST|0x0000c1b5|0x00000000|21:5c
Feb 24, 2020 20:37:14.147675000 EST|0x0000c1b5|0x00000000|1e:3e
Feb 24, 2020 20:37:14.192053000 EST|0x0000c1b5|0x00000000|63:89:8e:32:cc:6c:df:31:68:f4:cf:eb
Feb 24, 2020 20:37:14.196678000 EST|0x0000c1b5|0x00000000|7b:1f:9f:d6:a9:15:50:dc
Feb 24, 2020 20:37:14.204391000 EST|0x00000000|0x0000c1b5|d6:5f:06:f2:2e:81:52:a4
Feb 24, 2020 20:37:14.227623000 EST|0x00000000|0x0000c1b5|f8:b8:b1:f1:91:c4:d2:cd:5c:b4:50:48:71
Feb 24, 2020 20:37:14.234068000 EST|0x0000c1b5|0x00000000|d1:c1
Feb 24, 2020 20:37:14.280626000 EST|0x0000c1b5|0x00000000|fe:fa:f9:c6:5b:97:2c:24
Feb 24, 2020 20:37:16.109921000 EST|0x00000000|0x0000c1b5|6f:95:61:d8:58:8b:47:c5:5f:00:9d:88:12:c9:f8:0f:52:fe:f4:cf:b8:0c:8d:8e:a6:ff:0e:0b:e7:6a
Feb 24, 2020 20:37:16.117715000 EST|0x0000c1b5|0x00000000|6c:5e
Feb 24, 2020 20:37:16.122980000 EST|0x0000c1b5|0x00000000|2c:77
Feb 24, 2020 20:37:16.165720000 EST|0x0000c1b5|0x00000000|2a:65:fc:ca:fd:b3:3a:2a:72:50
Feb 24, 2020 20:37:16.170077000 EST|0x0000c1b5|0x00000000|f5:e8:42:55:c7:1f:b0:20
Feb 24, 2020 20:37:18.132547000 EST|0x00000000|0x0000c1b5|c2:4a:ec:d9:02:87:06:a5:56:bb:5d:bc:bf:12:e6:bc:6d:fa:6e:13
Feb 24, 2020 20:37:18.141528000 EST|0x0000c1b5|0x00000000|f4:38
Feb 24, 2020 20:37:18.145244000 EST|0x0000c1b5|0x00000000|81:88:7a:3c:d6:bb:d8:58
Feb 24, 2020 20:37:18.189622000 EST|0x0000c1b5|0x00000000|1e:e4:9f:a9:d0:0d:e8:6b:e0:71:e3:82
Feb 24, 2020 20:37:18.197421000 EST|0x00000000|0x0000c1b5|2f:9d:ea:92:f3:64:3f:b1
Feb 24, 2020 20:37:18.219202000 EST|0x00000000|0x0000c1b5|74:42:55:b1:aa:b2:53:d3:6e:e3:81:64:3f
Feb 24, 2020 20:37:18.224198000 EST|0x0000c1b5|0x00000000|94:ff:dd:f1:dd:9c:c2:7a
Feb 24, 2020 20:39:04.959384000 EST|0x00000000|0x000069ce|05:50:e4:fa:2c:ab:6c:3d:e0:17:29:44:b5:62:ae:d7:4c:7e:a1:30:a0:b7:05:71:5e:70:6a:ac:c6:35:95:0d:4e:1b:97
Feb 24, 2020 20:39:05.038063000 EST|0x000069ce|0x00000000|a8:0f:e6
Feb 24, 2020 20:39:05.047774000 EST|0x00000000|0x000069ce|42:75:81:c2:29:cc:16:68:f9:c2:b8
Feb 24, 2020 20:39:05.055126000 EST|0x00000000|0x000069ce|76:54:0e
Feb 24, 2020 20:39:05.064113000 EST|0x000069ce|0x00000000|80:4f:b5:cd:84:70:52:ca:a5:90:87:d5:cd
Feb 24, 2020 20:39:05.073822000 EST|0x000069ce|0x00000000|16:4d:76:04:09:51:d8:4b:c0:77:0e:ae:0a:c2
Feb 24, 2020 20:39:05.077543000 EST|0x000069ce|0x00000000|ff:3a:ed:2d:86:0a:60:cf
Feb 24, 2020 20:39:05.535828000 EST|0x00000000|0x000069ce|db:f2:aa:8e:d6:7d:8d:49
Feb 24, 2020 20:39:05.542267000 EST|0x00000000|0x000069ce|a4:21:6b:a4:5a:70:e5:f3
Feb 24, 2020 20:39:05.548895000 EST|0x00000000|0x000069ce|3f:95:50:ec:f9:0f:55:91:3e:1b:fa:bf:9a:35:e4:cd:34:97:85
Feb 24, 2020 20:39:05.576210000 EST|0x00000000|0x000069ce|10:42:86:81:65:9c:df:76:2e:6e:22:23
Feb 24, 2020 20:39:05.583561000 EST|0x000069ce|0x00000000|3e:40:f6:e5:f2:4a:d4:9b
Feb 24, 2020 20:39:05.589823000 EST|0x000069ce|0x00000000|41:9f:48:8d:f7:7c:96:8d:d5:e0:f2:4b:a3:a2:67:b4:45:10:50:0c:0c:d9:34:a4:dc:e5:4c:d7:53:c0:79:6b:0a:13:9f:4d:5b:5e:e8:8c:8a
Feb 24, 2020 20:39:05.594633000 EST|0x000069ce|0x00000000|e0:01:7b:83:61:44:3b:b6
Feb 24, 2020 20:39:06.043299000 EST|0x00000000|0x000069ce|03:e9:bd:43:c6:97:42:d5
Feb 24, 2020 20:39:06.050290000 EST|0x00000000|0x000069ce|a8:a6:e8:1a:c4:a2:12:f1:31:b0:9f:52:15
Feb 24, 2020 20:39:06.059092000 EST|0x000069ce|0x00000000|0e:a5:33:78:af:91:4b:70:0e:7e:28:21:cb:7e:42:39
Feb 24, 2020 20:39:06.063176000 EST|0x000069ce|0x00000000|d7:f9:70:96:0d:3e:25:aa
Feb 24, 2020 20:39:06.551226000 EST|0x00000000|0x000069ce|24:3c:cb:01:95:b6:36:a9
Feb 24, 2020 20:39:06.609670000 EST|0x00000000|0x000069ce|d5:99:ea:4f:af:81:fe:89:9f:dd:fe:72:17
Feb 24, 2020 20:39:06.618926000 EST|0x000069ce|0x00000000|46:bd:a4:da:6e:79:bf:b6:74:76:f6:a9:31:d5:76:da:49:5b:85:dc:33:4d:9d
Feb 24, 2020 20:39:06.627002000 EST|0x000069ce|0x00000000|6f:a7:2b:2c:fc:03:97:25
Feb 24, 2020 20:39:07.056609000 EST|0x00000000|0x000069ce|cf:d3:a1:17:b1:66:c7:7a
Feb 24, 2020 20:39:07.566081000 EST|0x00000000|0x000069ce|a8:6d:04:2a:7f:a8:42:da:3d:38:ef:4a:3e
Feb 24, 2020 20:39:07.578519000 EST|0x000069ce|0x00000000|3b:87:30:f6:79:16:e6:d2:96:7f:dd:80:7e:a4:24:c7:9f:9b:91:7d:82
Feb 24, 2020 20:39:07.584958000 EST|0x000069ce|0x00000000|f9:0b:58:c8:6d:3c:9b:94
Feb 24, 2020 20:39:07.865196000 EST|0x000069ce|0x00000000|fa:e7:82:c0:9d:83:ba:b7:27:6a:7a
Feb 24, 2020 20:39:08.078642000 EST|0x00000000|0x000069ce|f7:35:f6:ad:eb:aa:9f:75
Feb 24, 2020 20:39:08.586196000 EST|0x00000000|0x000069ce|d0:d1:15:db:96:dd:65:af:73:56
Feb 24, 2020 20:39:08.593456000 EST|0x00000000|0x000069ce|f9:55:44:c8:3a:c3:f1:a5:34:f9:71:da:6b:cb:b5:3b:c6:96:7b:2b:f2:20:b0:0a:29
Feb 24, 2020 20:39:08.605759000 EST|0x00000000|0x000069ce|91:ec:fc:56:58:3f:31:3b
Feb 24, 2020 20:39:08.653896000 EST|0x000069ce|0x00000000|e4:59:25:b4:82:ed:a8:7c:ac:2f:46:bb:82
Feb 24, 2020 20:39:08.661701000 EST|0x000069ce|0x00000000|59:52:1b:5f:c8:ac:08:6a
Feb 24, 2020 20:39:08.669234000 EST|0x000069ce|0x00000000|23:e8:04:aa:b9:cc:a6:7c
Feb 24, 2020 20:39:09.089223000 EST|0x00000000|0x000069ce|d5:bc:96:f1:e6:30:dc:0b
Feb 24, 2020 20:39:10.609827000 EST|0x00000000|0x000069ce|c5:3d:47:33:64:0f:c4:45:54:d2:76:76:da
Feb 24, 2020 20:39:10.622082000 EST|0x000069ce|0x00000000|1a:98:d3:61:bc:77:8b:7d:db:64:3d:29:fa:81:1c:c1
Feb 24, 2020 20:39:10.630700000 EST|0x000069ce|0x00000000|4d:f6:6f:f4:fe:34:db:d8
Feb 24, 2020 20:39:11.115117000 EST|0x00000000|0x000069ce|53:26:0b:49:f7:64:75:f0
Feb 24, 2020 20:39:11.339817000 EST|0x00000000|0x000069ce|77:f4:cc:7c:d7:04:14:75:48:9a:b6:0d:47
Feb 24, 2020 20:39:11.349170000 EST|0x000069ce|0x00000000|12:e7:1f:ee:57:e3:81:82:ab:67:eb:f4:e4:30:64:8f
Feb 24, 2020 20:39:11.354517000 EST|0x000069ce|0x00000000|aa:76:71:10:d5:a6:9e:d2
Feb 24, 2020 20:39:11.625503000 EST|0x00000000|0x000069ce|ca:6d:9f:c6:55:99:49:dc
Feb 24, 2020 20:39:12.632637000 EST|0x00000000|0x000069ce|e4:2f:98:c7:94:75:0d:e9:be:50:87:55:f9
Feb 24, 2020 20:39:12.646343000 EST|0x000069ce|0x00000000|a0:87:85:6c:65:ab:de:09:28:eb:9b:df:d1:ec:83:55
Feb 24, 2020 20:39:12.650424000 EST|0x000069ce|0x00000000|8c:ae:63:9f:bc:b5:05:74
Feb 24, 2020 20:39:13.137662000 EST|0x00000000|0x000069ce|2b:a0:30:ab:ca:3e:f3:46
Feb 24, 2020 20:39:13.152090000 EST|0x00000000|0x000069ce|a1:ff:b5:28:73:6d:10:e0:df:c6:d8:d1:45
Feb 24, 2020 20:39:13.164070000 EST|0x000069ce|0x00000000|ca:8f:66:41:ed:e7:e9:89:a4:91:8a:0d:6c:fb:8c:84
Feb 24, 2020 20:39:13.170693000 EST|0x000069ce|0x00000000|5e:b0:7b:43:f3:04:d9:63
Feb 24, 2020 20:39:13.643868000 EST|0x00000000|0x000069ce|38:85:6b:bb:d8:de:6a:02
Feb 24, 2020 20:39:14.658443000 EST|0x00000000|0x000069ce|6f:3d:c1:12:11:8a:45:b6:86:2d:21:ba:38:46:02:a8:8c:55:0c:2e:5b:83:5e:2f:dd:bb:83:70:27:8b
Feb 24, 2020 20:39:14.664707000 EST|0x000069ce|0x00000000|2e:e9:68:3a:70:c8:30:4b:82:d3
Feb 24, 2020 20:39:14.668065000 EST|0x000069ce|0x00000000|a1:ad:1a:7c:a5:9f:ad:bf
Feb 24, 2020 20:39:15.171002000 EST|0x00000000|0x000069ce|31:e8:f6:16:a0:14:95:a5
Feb 24, 2020 20:39:16.176233000 EST|0x00000000|0x000069ce|d5:84:7b:7c:35:1f:94:2d:e0:d4:d4:ce:78:0e:da:e8:01:24:40
Feb 24, 2020 20:39:16.189031000 EST|0x000069ce|0x00000000|dd:7c:31:d9:f2:c8:d3:2e:26:7f:fd:6f
Feb 24, 2020 20:39:16.193752000 EST|0x000069ce|0x00000000|eb:f4:94:af:12:27:d7:9b
Feb 24, 2020 20:39:16.686524000 EST|0x00000000|0x000069ce|2a:86:ed:ff:b2:d9:a4:b3
Feb 24, 2020 20:39:18.204589000 EST|0x00000000|0x000069ce|64:52:cf:bb:a6:76:9e:7b:34:2b:ec:26:71:7f:ce:2c:3c:ae:ca:9c:27:03:94:62:5f:1f:b3:74:3e:ca
Feb 24, 2020 20:39:18.213756000 EST|0x000069ce|0x00000000|d4:d6:03:f4:05:da:df:3a:9e:03
Feb 24, 2020 20:39:18.218834000 EST|0x000069ce|0x00000000|f0:48:fa:99:91:11:b9:5b
Feb 24, 2020 20:39:18.708975000 EST|0x00000000|0x000069ce|6e:8e:5c:7b:81:60:f2:4c
Feb 24, 2020 20:39:24.776092000 EST|0x00000000|0x000069ce|2e:78:36:6f:ac:39:68:a6:39:81:84:fc:d0:a4:39:42:27:f4:cc:f7
Feb 24, 2020 20:39:24.796962000 EST|0x00000000|0x000069ce|58:5d:48:ff:23:ac:89:05:d5:8b:69:8f:2e:77:82:45:7e:4f:40:54:6e:9d:97:84:73:6e:0b:f2:88:9c
Feb 24, 2020 20:39:24.808990000 EST|0x00000000|0x000069ce|68:d3:7a:66:5f:54:e5:e7:9e:71:26:26:c3:60:58:c7:49:fd:2c
Feb 24, 2020 20:39:24.820692000 EST|0x000069ce|0x00000000|ce:bf:ab:e7:70:2b:14:13:c9:e3:b7:e8
Feb 24, 2020 20:39:24.824778000 EST|0x000069ce|0x00000000|e3:53:ed:29:cd:4d:87:67
Feb 24, 2020 20:39:24.831589000 EST|0x000069ce|0x00000000|e7:45:de:b1:6d:bb:fb:30:d3:11
Feb 24, 2020 20:39:24.838478000 EST|0x000069ce|0x00000000|30:83:e8:9e:39:81:fe:50
Feb 24, 2020 20:39:24.847102000 EST|0x000069ce|0x00000000|c4:e8:19:7f:26:67:e9:57:dd:b6:cf:2d
Feb 24, 2020 20:39:24.854329000 EST|0x000069ce|0x00000000|f6:70:14:9d:d8:e0:80:3f
Feb 24, 2020 20:39:25.304755000 EST|0x00000000|0x000069ce|ae:0f:39:2d:ee:a0:66:c9
Feb 24, 2020 20:39:25.313739000 EST|0x00000000|0x000069ce|00:ca:1b:3d:4e:53:4e:27
Feb 24, 2020 20:39:25.326775000 EST|0x00000000|0x000069ce|78:ad:c8:f0:3a:70:96:70
Feb 24, 2020 20:39:26.321695000 EST|0x00000000|0x000069ce|97:c6:a7:42:2e:2e:60:1f:32:43:66:5b:eb:15:ff:05:cf:14:7b:94:19:f5:a4:82:59:63:29:0d:89:09
Feb 24, 2020 20:39:26.326322000 EST|0x000069ce|0x00000000|64:8e:67:11:6b:d3:6a:30:04:a3
Feb 24, 2020 20:39:26.331040000 EST|0x000069ce|0x00000000|b3:d5:9f:5c:19:60:b8:82
Feb 24, 2020 20:39:26.823177000 EST|0x00000000|0x000069ce|46:03:f4:0d:7f:9b:39:21
Feb 24, 2020 20:39:29.112706000 EST|0x00000000|0x0000c1b5|ba:c2:12:f4:53:d4:e4:1b:01:83:d1:d7:65:17
Feb 24, 2020 20:39:29.120240000 EST|0x0000c1b5|0x00000000|6a:d4
Feb 24, 2020 20:39:29.165884000 EST|0x0000c1b5|0x00000000|ae:36:b1:56:eb:58:3a:26
Feb 24, 2020 20:39:31.165748000 EST|0x0000c1b5|0x00000000|5b:6d:b5:d0:2c:9f:24:d3:36:f4:67:c2:85:f7:4a:a4:a6:b2:cb:1e
Feb 24, 2020 20:39:31.203582000 EST|0x00000000|0x0000c1b5|39:d5:37:44:71:36:0e:0e:0d:c0:fb:da
Feb 24, 2020 20:39:31.213661000 EST|0x0000c1b5|0x00000000|90:5a:af:6f:33:f6:d5:31
Feb 24, 2020 20:39:33.160965000 EST|0x00000000|0x000069ce|36:89:30:b0:7b:58:c8:5b:a7:f2:d1:72:74:69:3c:e9:10:71:7b
Feb 24, 2020 20:39:33.178749000 EST|0x00000000|0x000069ce|a1:46:9c:00:0e:d4:30:7a:87:27:5c:59:cb:f8:d1
Feb 24, 2020 20:39:33.194539000 EST|0x00000000|0x000069ce|ba:f2:3f:9c:1b:84:e4:f9:a2:78:76:c9:1b
Feb 24, 2020 20:39:33.203161000 EST|0x000069ce|0x00000000|7a:f1:b9:c7:49:e3:8a:0e:db:df:01:c0
Feb 24, 2020 20:39:33.207701000 EST|0x000069ce|0x00000000|8f:44:ae:09:ca:81:e0:5d
Feb 24, 2020 20:39:33.213325000 EST|0x000069ce|0x00000000|eb:f5:16:6c:06:80:ff:f1:6c:c2:55:bc
Feb 24, 2020 20:39:33.217136000 EST|0x000069ce|0x00000000|99:3d:b4:4b:15:33:55:15
Feb 24, 2020 20:39:33.237560000 EST|0x000069ce|0x00000000|dc:d4:a0:00:d1:7d:71:f0:5f:d3:69:41:48:fa:6a:52:47
Feb 24, 2020 20:39:33.241009000 EST|0x000069ce|0x00000000|00:36:b8:ed:3f:f7:05:35
Feb 24, 2020 20:39:33.682953000 EST|0x00000000|0x000069ce|6e:56:f6:f6:2f:b7:a6:ba
Feb 24, 2020 20:39:33.689672000 EST|0x00000000|0x000069ce|9b:ee:19:e6:90:12:dd:f1
Feb 24, 2020 20:39:33.697113000 EST|0x00000000|0x000069ce|4a:04:96:8a:ff:6f:ce:b0:73:cc:37:bc:29:37:07:a4:89:9e:84:74
Feb 24, 2020 20:39:33.710364000 EST|0x00000000|0x000069ce|8b:98:2d:40:74:9b:81:53
Feb 24, 2020 20:39:33.718080000 EST|0x000069ce|0x00000000|34:17:83:98:dd:5d:41:bf
Feb 24, 2020 20:39:34.190791000 EST|0x00000000|0x000069ce|9c:53:91:1a:69:38:ec:3e:43:0c:fe:85:89
Feb 24, 2020 20:39:34.201769000 EST|0x000069ce|0x00000000|42:00:04:df:c3:00:06:ec:90:e9:84:6e:0e:73:c6:4e
Feb 24, 2020 20:39:34.210486000 EST|0x000069ce|0x00000000|cc:9c:b3:03:c9:49:47:ab
Feb 24, 2020 20:39:34.698444000 EST|0x00000000|0x000069ce|5a:39:c0:0a:d1:fd:a4:26
Feb 24, 2020 20:39:36.062467000 EST|0x000069ce|0x00000000|92:87:52:6c:b2:5c:4b:fe:ec:91:aa:5d:11:6e:9d
Feb 24, 2020 20:39:36.212472000 EST|0x00000000|0x000069ce|22:e2:0e:1d:5e:13:75:4c
Feb 24, 2020 20:39:36.722800000 EST|0x00000000|0x000069ce|d7:d6:04:8a:7c:a5:ec:45:3f:c9:d9:32:c0
Feb 24, 2020 20:39:36.733869000 EST|0x000069ce|0x00000000|a3:e9:9d:07:d0:04:7b:05:43:64:ac:a3:c5:21:c4:84
Feb 24, 2020 20:39:36.745304000 EST|0x000069ce|0x00000000|d9:9f:ce:0b:76:01:ab:d8
Feb 24, 2020 20:39:37.228457000 EST|0x00000000|0x000069ce|1e:aa:ab:83:fd:49:ba:c0
Feb 24, 2020 20:39:38.245036000 EST|0x00000000|0x000069ce|46:04:0b:6c:ea:34:74:84:41:c7:98:79:51
Feb 24, 2020 20:39:38.258739000 EST|0x000069ce|0x00000000|b7:b5:da:aa:ce:af:d1:c3:d7:21:a6:2a:2f:75:ca:9c:2a:f9:dc:ef
Feb 24, 2020 20:39:38.264157000 EST|0x000069ce|0x00000000|53:e0:74:9d:81:ef:01:b3
Feb 24, 2020 20:39:38.753416000 EST|0x00000000|0x000069ce|bb:70:c2:dd:32:6c:68:e9
Feb 24, 2020 20:39:38.762943000 EST|0x00000000|0x000069ce|2b:a3:e9:81:8b:86:d4:a8:88:84:6f:08:8d
Feb 24, 2020 20:39:38.777471000 EST|0x00000000|0x000069ce|88:10:51:e0:e8:56:dd:22:31:cf:bc:92:0e
Feb 24, 2020 20:39:38.793893000 EST|0x000069ce|0x00000000|c9:57:8c:67:50:a1:da:7b
Feb 24, 2020 20:39:38.801333000 EST|0x000069ce|0x00000000|63:90:ca:c5:31:61:42:a8:45:b4:55:ee:e5:27:0c:95:e0:57:81:34
Feb 24, 2020 20:39:38.808237000 EST|0x000069ce|0x00000000|06:d1:77:3a:67:d7:ee:97
Feb 24, 2020 20:39:39.256535000 EST|0x00000000|0x000069ce|21:ae:e4:67:dc:58:01:db
Feb 24, 2020 20:39:39.764365000 EST|0x00000000|0x000069ce|aa:60:39:ea:a8:29:d5:53:fe:be:cd:c5:40
Feb 24, 2020 20:39:39.780336000 EST|0x00000000|0x000069ce|d8:e2:b2:a4:02:45:7e:95:95:25:cd:c9:92
Feb 24, 2020 20:39:39.787872000 EST|0x000069ce|0x00000000|a7:36:86:db:cd:c8:43:19
Feb 24, 2020 20:39:39.791954000 EST|0x000069ce|0x00000000|5c:c9:a3:63:94:b5:e6:9b:90:75:dd:3b:cd:79:6d:5c
Feb 24, 2020 20:39:39.799757000 EST|0x000069ce|0x00000000|c6:bf:c8:63:68:52:93:6f
Feb 24, 2020 20:39:40.270660000 EST|0x00000000|0x000069ce|a7:d2:f0:48:fb:05:17:42
Feb 24, 2020 20:39:40.780132000 EST|0x00000000|0x000069ce|36:43:f9:54:91:94:70:6a:bb:27:b0:d1:72
Feb 24, 2020 20:39:40.797653000 EST|0x00000000|0x000069ce|1b:06:35:8f:e2:0a:74:40:91:f3:df:a7:84
Feb 24, 2020 20:39:40.810904000 EST|0x000069ce|0x00000000|3f:ce:37:5b:2c:33:37:cc
Feb 24, 2020 20:39:40.818890000 EST|0x000069ce|0x00000000|9e:fb:ff:51:6f:7c:7c:6b:02:a9:d7:c7:41:71:dc:c6
Feb 24, 2020 20:39:40.827502000 EST|0x000069ce|0x00000000|86:df:3c:fc:51:36:7b:1b
Feb 24, 2020 20:39:41.286512000 EST|0x00000000|0x000069ce|f7:53:f5:c8:17:a8:94:b8
Feb 24, 2020 20:39:41.797980000 EST|0x00000000|0x000069ce|d5:2d:6c:22:12:1e:75:8b:20:eb:ba:23:9f
Feb 24, 2020 20:39:41.807875000 EST|0x00000000|0x000069ce|0d:27:18:1b:5d:1d:73:23:d1:aa:8f:5e:31
Feb 24, 2020 20:39:41.827656000 EST|0x000069ce|0x00000000|0a:16:a8:65:2f:ac:d9:91:a8:da:ce:76:e7:8c:b8:68
Feb 24, 2020 20:39:41.833926000 EST|0x000069ce|0x00000000|25:da:8f:db:4c:64:74:16
Feb 24, 2020 20:39:42.299773000 EST|0x00000000|0x000069ce|4c:48:9d:47:59:76:2c:36
Feb 24, 2020 20:39:42.380191000 EST|0x00000000|0x000069ce|d1:61:3b:26:e2:75:9d:ff:af:86:11:f3:44
Feb 24, 2020 20:39:42.391391000 EST|0x00000000|0x000069ce|89:00:32:db:23:53:83:1c:55:5c:7a:9c:f8
Feb 24, 2020 20:39:42.400211000 EST|0x000069ce|0x00000000|77:9e:4e:51:a3:42:dd:76
Feb 24, 2020 20:39:42.405552000 EST|0x000069ce|0x00000000|10:80:28:e1:03:3c:8c:99:17:8f:95:db:ec:be:8c:7c
Feb 24, 2020 20:39:42.410212000 EST|0x000069ce|0x00000000|fc:c4:b1:8e:f1:05:77:3c
Feb 24, 2020 20:39:42.806755000 EST|0x00000000|0x000069ce|ff:eb:38:32:73:f4:3a:b6
Feb 24, 2020 20:39:42.818641000 EST|0x00000000|0x000069ce|33:b4:78:07:77:92:33:3f:c4:83:cf:a2:74
Feb 24, 2020 20:39:42.834343000 EST|0x00000000|0x000069ce|46:2e:ad:47:e0:c0:ea:89:d7:5f:c0:37:1f
Feb 24, 2020 20:39:42.842691000 EST|0x000069ce|0x00000000|cd:1c:47:96:33:d6:55:b2
Feb 24, 2020 20:39:42.847320000 EST|0x000069ce|0x00000000|ad:4a:19:0d:f2:ab:0f:a1:f3:f4:ad:ab:a0:28:1b:9e
Feb 24, 2020 20:39:42.855943000 EST|0x000069ce|0x00000000|a5:98:f7:6f:69:d1:a3:e7
Feb 24, 2020 20:39:43.312505000 EST|0x00000000|0x000069ce|36:48:49:c7:45:1c:5e:82
Feb 24, 2020 20:39:43.823604000 EST|0x00000000|0x000069ce|65:d6:d9:48:ff:fc:23:65:e1:a8:a1:5b:04
Feb 24, 2020 20:39:43.834040000 EST|0x00000000|0x000069ce|86:91:1a:56:97:de:74:6b:6f:9e:8b:50:05
Feb 24, 2020 20:39:43.842603000 EST|0x000069ce|0x00000000|36:07:bb:d5:fc:4c:5a:9a
Feb 24, 2020 20:39:43.851010000 EST|0x000069ce|0x00000000|87:66:1a:1e:0c:a3:d0:fc:d7:5b:2c:1d:99:84:25:2b
Feb 24, 2020 20:39:43.858271000 EST|0x000069ce|0x00000000|fa:fc:fa:82:e6:5d:a4:24
Feb 24, 2020 20:39:44.326992000 EST|0x00000000|0x000069ce|85:f0:76:33:9f:6d:71:6b
Feb 24, 2020 20:39:44.837912000 EST|0x00000000|0x000069ce|f9:83:5e:b5:79:ef:b6:e5:8f:72:20:6a:a2
Feb 24, 2020 20:39:44.850713000 EST|0x000069ce|0x00000000|99:35:dd:9d:0e:b5:29:86
Feb 24, 2020 20:41:36.002465000 EST|0x00000000|0x000069ce|a4:1e:09:53:4f:83:fa:1e:2a:25:e6:05:18:d8
Feb 24, 2020 20:41:36.011636000 EST|0x000069ce|0x00000000|73:63:fc:19:22:ac:83:b9
Feb 24, 2020 20:41:37.568078000 EST|0x000069ce|0x00000000|a3:22:b8:98:11:a4:53:1b:58:12:7f:82:b4:16:06:54:7c:9b:cb:28
Feb 24, 2020 20:41:38.025638000 EST|0x00000000|0x000069ce|b5:85:3b:1f:32:f6:35:f4
Feb 24, 2020 20:41:38.535204000 EST|0x00000000|0x000069ce|d4:4b:2f:d1:e3:1e:2f:fe:e9:71:fa:7e
Feb 24, 2020 20:41:38.547455000 EST|0x000069ce|0x00000000|c8:c7:29:04:fd:c3:bf:87
Feb 24, 2020 20:42:00.815364000 EST|0x0000c1b5|0x00000000|9d:9f
Feb 24, 2020 20:42:00.859993000 EST|0x0000c1b5|0x00000000|ce:c0:93:4e:3d:25:55:e7:2d:6e:a0:c3:5d:b0:86
Feb 24, 2020 20:42:00.866902000 EST|0x00000000|0x0000c1b5|56:1e:f1:a7:c4:5e:b5:32
Feb 24, 2020 20:42:00.891768000 EST|0x00000000|0x0000c1b5|fb:62:45:16:aa:cd:d2:07:df:22:01:08:46
Feb 24, 2020 20:42:00.898404000 EST|0x0000c1b5|0x00000000|01:78:24:31:e0:c9:1c:a1
Feb 24, 2020 20:42:03.095904000 EST|0x00000000|0x0000de44|ef:9c:67:fe:db:72:40:78:64:a6:94:aa:ad:04:7d:d6:1c:62:3a:08:a8:53:cf:30:5b:69:e7:01:22:e7:c2:61:c2:a1:5d
Feb 24, 2020 20:42:04.121456000 EST|0x00000000|0x0000de44|57:aa:3d:04:5e:f8:1f:5a:84:e3:b4
Feb 24, 2020 20:42:04.130893000 EST|0x0000de44|0x00000000|42:d0:f3:4f:e8:4d:dd:3c:a9:4e:1f:0d:5e:c9:dc
Feb 24, 2020 20:42:04.135704000 EST|0x0000de44|0x00000000|43:bf:36:51:c7:5a:24:b4
Feb 24, 2020 20:42:05.128143000 EST|0x00000000|0x0000de44|8a:7e:3f:b7:99:3a:6c:6b
Feb 24, 2020 20:42:05.138488000 EST|0x00000000|0x0000de44|73:6d:1a:dd:02:74:74:0b:78:89:a6:07
Feb 24, 2020 20:42:05.148834000 EST|0x0000de44|0x00000000|fb:af:04:0e:60:5e:62:e5:72:7b:c3:96:38:8f:7a:09:f9:a7:40:f1:22:34:08:aa:5c:06:b4:b4:17:cc:a7:df:e8:41:cd:73:84
Feb 24, 2020 20:42:05.153916000 EST|0x0000de44|0x00000000|eb:bf:5d:e1:15:44:35:6a
Feb 24, 2020 20:42:06.135193000 EST|0x00000000|0x0000de44|aa:2c:7d:d8:b9:47:5a:8f
Feb 24, 2020 20:42:06.148542000 EST|0x00000000|0x0000de44|24:77:db:09:20:0b:ab:ab:b6:86:09:79:29
Feb 24, 2020 20:42:06.159425000 EST|0x0000de44|0x00000000|c6:b9:5f:6c:d0:b8:34:af:38:9c:ed:0d:2d:1d
Feb 24, 2020 20:42:06.164145000 EST|0x0000de44|0x00000000|94:57:e1:1a:b5:c4:22:2c
Feb 24, 2020 20:42:07.141333000 EST|0x00000000|0x0000de44|be:b2:a5:4e:34:6c:16:f0
Feb 24, 2020 20:42:07.153581000 EST|0x00000000|0x0000de44|db:76:09:35:ea:9d:27:9c:b4:c0:64:e5:e2
Feb 24, 2020 20:42:07.166291000 EST|0x00000000|0x0000de44|cd:b7:d4:e2:7e:6b:ed:5c:d1:1d:71:20:07
Feb 24, 2020 20:42:07.172366000 EST|0x00000000|0x0000de44|cd:b7:d4:e2:7e:6b:ed:5c:d1:1d:71:20:07
Feb 24, 2020 20:42:07.176094000 EST|0x00000000|0x0000de44|cd:b7:d4:e2:7e:6b:ed:5c:d1:1d:71:20:07
Feb 24, 2020 20:42:07.179357000 EST|0x0000de44|0x00000000|78:b8:0c:ee:a4:94:b1:0d
Feb 24, 2020 20:42:07.185683000 EST|0x00000000|0x0000de44|cd:b7:d4:e2:7e:6b:ed:5c:d1:1d:71:20:07
Feb 24, 2020 20:42:07.189551000 EST|0x0000de44|0x00000000|87:15:ba:19:68:5d:49:fb:38:99:9b:85:e0:bd:96:b4:80:7d:06:0c:74:b5:4c:8d:d4:95
Feb 24, 2020 20:42:07.195601000 EST|0x0000de44|0x00000000|ea:e6:46:26:02:77:55:e7
Feb 24, 2020 20:42:08.155193000 EST|0x00000000|0x0000de44|2a:25:d3:a7:08:4b:5b:68
Feb 24, 2020 20:42:08.166900000 EST|0x00000000|0x0000de44|cf:51:3a:3a:7a:01:83:54:e7:5c:cb:7c:bd
Feb 24, 2020 20:42:08.179603000 EST|0x00000000|0x0000de44|6d:ff:74:4a:dc:73:f8:f6:89:fb:38:49:8b
Feb 24, 2020 20:42:08.189768000 EST|0x0000de44|0x00000000|6b:52:76:b1:86:93:b0:67
Feb 24, 2020 20:42:08.196030000 EST|0x0000de44|0x00000000|d3:12:69:11:d3:b4:36:39:00:25:b4:9a:dd:22:d2:36:ba:57:11:6d:bf:2e
Feb 24, 2020 20:42:08.199932000 EST|0x0000de44|0x00000000|b9:01:96:01:61:1a:63:0b
Feb 24, 2020 20:42:09.161340000 EST|0x00000000|0x0000de44|af:5b:b5:7b:34:16:1f:84
Feb 24, 2020 20:42:09.173957000 EST|0x00000000|0x0000de44|13:8c:10:1c:e1:40:dd:09:68:35:7e:d4:7d
Feb 24, 2020 20:42:09.194010000 EST|0x0000de44|0x00000000|2c:a5:57:fa:a6:28:66:ef
Feb 24, 2020 20:42:09.199273000 EST|0x0000de44|0x00000000|04:7b:a7:14:a0:2c:3a:16:65:72:19:53:35:5c:74:f5:69:61:85:67:f4:68:fb:ae:a4:0f:fd:6b:54:07:5c:d7:89
Feb 24, 2020 20:42:09.203174000 EST|0x0000de44|0x00000000|45:bd:25:90:3f:40:a7:a6
Feb 24, 2020 20:42:10.173290000 EST|0x00000000|0x0000de44|06:cd:4f:1e:7b:d2:61:58
Feb 24, 2020 20:42:10.182544000 EST|0x00000000|0x0000de44|5b:ba:b8:ad:83:16:23:9e:0a:5c:33:aa:d7
Feb 24, 2020 20:42:10.190650000 EST|0x0000de44|0x00000000|db:72:01:1e:67:cf:ac:5a:68:af:4e:83:e9:fb:ff:83:22:b4:42:1f:69:5f:2d
Feb 24, 2020 20:42:10.195065000 EST|0x0000de44|0x00000000|bb:9b:48:0c:80:20:9d:85
Feb 24, 2020 20:42:11.181522000 EST|0x00000000|0x0000de44|bf:52:3a:4f:23:0f:60:fd
Feb 24, 2020 20:42:11.191500000 EST|0x00000000|0x0000de44|68:37:6a:c6:57:d1:1f:90:9f:29:24:19:10
Feb 24, 2020 20:42:11.201573000 EST|0x00000000|0x0000de44|0a:4d:96:46:62:f3:e9:c8:c3:63:72:3e:50:49:1a:b5:6e:31:83:8f:d2:01
Feb 24, 2020 20:42:11.209833000 EST|0x0000de44|0x00000000|58:d2:82:a8:b7:35:ca:a2
Feb 24, 2020 20:42:11.214366000 EST|0x0000de44|0x00000000|f8:8e:8b:82:03:ad:9c:56:bf:58:bf:49:e3:66
Feb 24, 2020 20:42:11.217906000 EST|0x0000de44|0x00000000|fa:60:43:7d:2b:cb:65:f9
Feb 24, 2020 20:42:12.191467000 EST|0x00000000|0x0000de44|a5:00:03:13:56:77:67:dd
Feb 24, 2020 20:42:12.200543000 EST|0x00000000|0x0000de44|7d:db:97:e3:2a:36:ff:a8:9e:05:0e:e4:45
Feb 24, 2020 20:42:12.209801000 EST|0x00000000|0x0000de44|dc:6b:d9:77:03:d3:20:77:2f:e4:7c:ce:b5:ac:0e:37:05:09
Feb 24, 2020 20:42:12.216491000 EST|0x0000de44|0x00000000|41:ba
Feb 24, 2020 20:47:02.894329000 EST|0x0000c1b5|0x00000000|33:44
Feb 24, 2020 20:47:02.939431000 EST|0x0000c1b5|0x00000000|0b:e0:82:46:fd:8d:de:3d:a9:0e:fd:48:ef:2b:2c
Feb 24, 2020 20:47:02.946596000 EST|0x00000000|0x0000c1b5|6a:73:a1:6d:fd:87:64:64
Feb 24, 2020 20:47:02.973589000 EST|0x00000000|0x0000c1b5|be:b2:db:19:3d:51:c7:30:78:e8:7f:9a:ce
Feb 24, 2020 20:47:02.979720000 EST|0x0000c1b5|0x00000000|70:32:a4:20:7c:47:72:d2
Feb 24, 2020 20:52:05.109623000 EST|0x0000c1b5|0x00000000|74:6e
Feb 24, 2020 20:52:05.156122000 EST|0x0000c1b5|0x00000000|1f:e3:dd:31:b3:88:e0:97:82:75:33:f5:d5:fd:ae
Feb 24, 2020 20:52:05.164736000 EST|0x00000000|0x0000c1b5|4c:c3:74:65:1b:a0:85:8e
Feb 24, 2020 20:52:05.193251000 EST|0x00000000|0x0000c1b5|1b:12:20:8a:86:ba:87:c1:8b:a9:35:36:bd
Feb 24, 2020 20:52:05.198146000 EST|0x0000c1b5|0x00000000|20:13:5b:b0:13:54:7a:10
Feb 24, 2020 20:52:50.060425000 EST|0x00000000|0x0000c1b5|4d:86:dc:56:9c:66:fd:f5:2d:ec:84
Feb 24, 2020 20:52:50.078749000 EST|0x0000c1b5|0x00000000|2b:6d
Feb 24, 2020 20:52:50.083557000 EST|0x0000c1b5|0x00000000|f5:15:75:92:b7:ba:c7:ed
Feb 24, 2020 20:52:50.087825000 EST|0x0000c1b5|0x00000000|b3:8c:ac:5d:c2:40:fb:02:a3:39:91:29:2c:c0:f5
Feb 24, 2020 20:52:50.093179000 EST|0x0000c1b5|0x00000000|77:31:57:41:34:87:a3:85:1d:5f:02:1c:52:dd:dd
Feb 24, 2020 20:52:50.096537000 EST|0x00000000|0x0000c1b5|7e:fa:a7:b3:1c:95:65:27
Feb 24, 2020 20:52:50.101471000 EST|0x00000000|0x0000c1b5|74:da:07:e3:8e:16:11:0e
Feb 24, 2020 20:52:50.117136000 EST|0x0000c1b5|0x00000000|81:79:08:0d:28:88:1e:df:0d:61:94:c1:d3
Feb 24, 2020 20:52:50.125395000 EST|0x00000000|0x0000c1b5|1b:61:c5:96:0a:ea:cb:28
Feb 24, 2020 20:52:50.149627000 EST|0x00000000|0x0000c1b5|23:23:15:24:f6:db:0b:3a:19:88:8a:2d:2b
Feb 24, 2020 20:52:50.156614000 EST|0x0000c1b5|0x00000000|c0:9d:db:10:2b:e9:43:c8
Feb 24, 2020 20:52:50.187044000 EST|0x00000000|0x0000c1b5|42:6f:3a:c4:69:7c:f5:f7:67:92:a5:30:1a
Feb 24, 2020 20:52:50.193324000 EST|0x0000c1b5|0x00000000|a9:22:21:57:62:8b:f4:9d
Feb 24, 2020 20:52:52.103836000 EST|0x00000000|0x0000c1b5|cc:36:02:7f:c2:2f:3c:79:8a:21:3e
Feb 24, 2020 20:52:52.121396000 EST|0x0000c1b5|0x00000000|89:89:9f:f8:bf:5d:30:a8:0f:31:05:b3:a9
Feb 24, 2020 20:52:52.125477000 EST|0x0000c1b5|0x00000000|7b:3d:28:be:32:ff:c5:5e
Feb 24, 2020 20:52:52.129603000 EST|0x00000000|0x0000c1b5|f6:a1:fd:8d:42:62:57:cb
Feb 24, 2020 20:52:52.132684000 EST|0x00000000|0x0000c1b5|f6:a1:fd:8d:42:62:57:cb
Feb 24, 2020 20:52:52.135957000 EST|0x0000c1b5|0x00000000|ed:85:5f:5f:df:2d:6f:dc:90:f4:a6:47:31:f5:b1
Feb 24, 2020 20:52:52.140216000 EST|0x0000c1b5|0x00000000|93:92:fc:24:35:43:a7:70:be:e1:b6:59:a4:1e:1b
Feb 24, 2020 20:52:52.143482000 EST|0x00000000|0x0000c1b5|cd:dc:c3:ff:e7:62:79:66
Feb 24, 2020 20:52:52.148217000 EST|0x00000000|0x0000c1b5|b0:3b:51:77:fa:37:50:79
Feb 24, 2020 20:52:52.176345000 EST|0x00000000|0x0000c1b5|22:75:5e:ab:a4:b5:00:91:e7:78:68:61:2b
Feb 24, 2020 20:52:52.182510000 EST|0x0000c1b5|0x00000000|a5:42:70:0e:64:65:22:a0
Feb 24, 2020 20:52:52.214048000 EST|0x00000000|0x0000c1b5|52:fb:9a:d8:70:be:72:54:cc:f9:cc:4b:5d
Feb 24, 2020 20:52:52.220623000 EST|0x0000c1b5|0x00000000|e7:c3:ac:ba:b3:ee:0d:f4
Feb 24, 2020 20:52:54.388490000 EST|0x00000000|0x0000c1b5|f4:6e:28:ac:70:23:e4:d3:f4:11:25
Feb 24, 2020 20:52:54.404902000 EST|0x0000c1b5|0x00000000|50:56:e1:ef:fc:75:08:19:d7:9b:05:9c:b6
Feb 24, 2020 20:52:54.408692000 EST|0x0000c1b5|0x00000000|b5:e6:9b:08:b2:b5:f6:e8
Feb 24, 2020 20:52:54.412774000 EST|0x0000c1b5|0x00000000|1e:4c:69:14:a1:26:d5:b1:f1:d4:40:8b:ba:3d:07
Feb 24, 2020 20:52:54.417040000 EST|0x00000000|0x0000c1b5|0a:5d:18:e7:24:d8:d4:87
Feb 24, 2020 20:52:54.420308000 EST|0x00000000|0x0000c1b5|0a:5d:18:e7:24:d8:d4:87
Feb 24, 2020 20:52:54.425932000 EST|0x00000000|0x0000c1b5|8c:b4:b6:bb:61:ca:10:9f
Feb 24, 2020 20:52:54.432466000 EST|0x0000c1b5|0x00000000|a6:aa:98:ea:e5:b6:78:af:74:42:0b:b8:8b:ba:51
Feb 24, 2020 20:52:54.440561000 EST|0x00000000|0x0000c1b5|0b:e2:38:88:04:67:0f:ac
Feb 24, 2020 20:52:54.462050000 EST|0x00000000|0x0000c1b5|ad:45:19:80:50:54:e6:b2:b2:b3:28:82:67
Feb 24, 2020 20:52:54.468774000 EST|0x0000c1b5|0x00000000|41:3d:82:cb:5a:3e:ef:18
Feb 24, 2020 20:52:54.499716000 EST|0x00000000|0x0000c1b5|bc:06:6a:9b:a4:f5:f7:19:42:56:7c:0c:c2
Feb 24, 2020 20:52:54.506702000 EST|0x0000c1b5|0x00000000|b3:88:c7:76:6f:87:11:32
Feb 24, 2020 20:52:57.665341000 EST|0x00000000|0x000069ce|71:7a:9c:4e:c7:6c:5f:a0:32:10:b4
Feb 24, 2020 20:52:57.687392000 EST|0x000069ce|0x00000000|7d:43:02:00:ad:26:e4:d7
Feb 24, 2020 20:52:58.185834000 EST|0x00000000|0x000069ce|6d:6d:66:23:b3:25:b3:e1
Feb 24, 2020 20:52:58.199353000 EST|0x00000000|0x000069ce|bf:ab:7d:9d:e4:56:b3:5a:2c:2b:a9:33:44
Feb 24, 2020 20:52:58.207613000 EST|0x000069ce|0x00000000|ec:c9:74:aa:70:9a:0e:a3
Feb 24, 2020 20:52:58.533816000 EST|0x000069ce|0x00000000|74:ba:83:0f:a1:d0:18:29:74:64:41:80:df:38:9c
Feb 24, 2020 20:52:58.690721000 EST|0x00000000|0x000069ce|30:1c:84:ed:05:0d:7e:2c
Feb 24, 2020 20:52:58.778843000 EST|0x000069ce|0x00000000|a8:98:81:65:9e:11:f0:b5:12:b8:99:8e:5e:2d:80:a1:d3:bc:4f:89:cb
Feb 24, 2020 20:52:59.194831000 EST|0x00000000|0x000069ce|bd:06:5f:4c:4f:a2:6b:b6
Feb 24, 2020 20:52:59.202727000 EST|0x00000000|0x000069ce|da:da:a4:a9:23:4c:63:9b:46:cb:09:a4:4a
Feb 24, 2020 20:52:59.211260000 EST|0x000069ce|0x00000000|40:b5:a7:07:53:1a:79:4a
Feb 24, 2020 20:53:01.220479000 EST|0x00000000|0x000069ce|95:66:e4:d3:3b:77:e5:7f:75:58:94
Feb 24, 2020 20:53:01.240334000 EST|0x000069ce|0x00000000|e4:60:43:54:9c:5a:67:f3:28:f7:e1:c8
Feb 24, 2020 20:53:01.243784000 EST|0x000069ce|0x00000000|b0:9e:64:e6:9f:2f:14:ee
Feb 24, 2020 20:53:01.725569000 EST|0x00000000|0x000069ce|b9:92:5b:cf:b1:48:7f:17
Feb 24, 2020 20:53:01.732925000 EST|0x00000000|0x000069ce|5c:c4:fb:eb:d7:de:2d:9e:63:e7:cf:bd:29
Feb 24, 2020 20:53:01.740027000 EST|0x000069ce|0x00000000|74:d8:0c:d6:4b:b2:cd:dc
Feb 24, 2020 20:53:01.976857000 EST|0x000069ce|0x00000000|d6:0d:29:5e:d1:85:1c:40:cc:ff:a0:ca:3c:92:90
Feb 24, 2020 20:53:02.219075000 EST|0x000069ce|0x00000000|b4:2d:3f:53:3e:ec:0f:7f:57:ef:f7:7d:34:06:24:d8:f8:22:47:85:dd
Feb 24, 2020 20:53:02.234586000 EST|0x00000000|0x000069ce|10:22:d7:fa:30:59:8c:b5
Feb 24, 2020 20:53:02.241572000 EST|0x00000000|0x000069ce|44:0d:02:32:4b:a6:41:a4:c5:90:85:4d:26
Feb 24, 2020 20:53:02.251828000 EST|0x00000000|0x000069ce|05:27:de:6f:b3:47:3c:17
Feb 24, 2020 20:53:02.261407000 EST|0x00000000|0x000069ce|58:e5:b6:e7:98:aa:f5:a7:9c:1a:4a:8b:6d
Feb 24, 2020 20:53:02.269980000 EST|0x000069ce|0x00000000|a7:5f:d2:62:eb:7d:5c:61:ae:80:a2:02:f9:10:3b:bd
Feb 24, 2020 20:53:02.273843000 EST|0x000069ce|0x00000000|55:55:e7:a0:48:55:3c:d3
Feb 24, 2020 20:53:02.277605000 EST|0x000069ce|0x00000000|ee:9d:56:3a:f7:7a:fb:5d
Feb 24, 2020 20:53:02.735890000 EST|0x00000000|0x000069ce|62:98:05:b0:ff:e3:48:12
Feb 24, 2020 20:53:10.825325000 EST|0x00000000|0x000069ce|33:7b:32:bf:e7:e3:ee:cf:36:b6:b0:a0:64
Feb 24, 2020 20:53:10.834034000 EST|0x000069ce|0x00000000|1f:0e:c4:26:b7:41:b8:0b:df:cb:f4:0b:0a:bc:04:dc
Feb 24, 2020 20:53:10.842110000 EST|0x000069ce|0x00000000|70:4e:ae:84:71:1b:4d:fd
Feb 24, 2020 20:54:44.396404000 EST|0x000069ce|0x00000000|93:77:de:07:ef:37:59:38:15:87:57:00:41:5c:c6
Feb 24, 2020 20:54:44.643890000 EST|0x000069ce|0x00000000|6a:8c:07:65:5a:9b:cd:19:eb:d6:54:2b:ee:b4:2f:f7:73:9f:b3:59:63
Feb 24, 2020 20:54:44.902963000 EST|0x00000000|0x000069ce|91:9b:97:d9:cc:8a:6c:aa
Feb 24, 2020 20:54:44.911039000 EST|0x00000000|0x000069ce|f1:a4:df:26:26:85:73:e0
Feb 24, 2020 20:54:44.917579000 EST|0x00000000|0x000069ce|97:e6:24:50:ef:94:40:7b:af:97:49:bc:42
Feb 24, 2020 20:54:44.928469000 EST|0x000069ce|0x00000000|38:8b:fe:05:8d:35:45:e3
Feb 24, 2020 20:54:49.050417000 EST|0x000069ce|0x00000000|a1:6b:4c:d5:36:27:26:55:74:31:01:04:34:bc:4b
Feb 24, 2020 20:54:49.296797000 EST|0x000069ce|0x00000000|62:dc:4e:7b:21:9e:ab:7a:c0:bb:05:96:bc:33:92:8f:60:2a:c3:45:6c
Feb 24, 2020 20:54:49.553531000 EST|0x00000000|0x000069ce|86:12:98:fc:ce:8d:7a:23
Feb 24, 2020 20:54:49.562056000 EST|0x00000000|0x000069ce|cd:30:1e:a3:d5:5b:f0:e4
Feb 24, 2020 20:54:49.569134000 EST|0x00000000|0x000069ce|ca:12:4a:fd:cb:55:f1:29:63:7c:ef:34:9a
Feb 24, 2020 20:54:49.580025000 EST|0x000069ce|0x00000000|d5:65:7b:a5:fb:75:71:be
Feb 24, 2020 20:55:40.155505000 EST|0x00000000|0x0000c1b5|c1:06:36:26:65:e4:b6:47:16:cf:3f:bf:ff:dd:35:af:3a:95
Feb 24, 2020 20:55:40.163208000 EST|0x0000c1b5|0x00000000|f1:57
Feb 24, 2020 20:55:40.171737000 EST|0x0000c1b5|0x00000000|92:b4:c3:75:8c:8a:2e:f2
Feb 24, 2020 20:55:40.208505000 EST|0x0000c1b5|0x00000000|76:c2:52:b1:f9:9e:ee:6d:52:5a
Feb 24, 2020 20:55:40.215664000 EST|0x00000000|0x0000c1b5|a2:16:ef:44:41:69:b8:b9
Feb 24, 2020 20:55:40.219289000 EST|0x00000000|0x0000c1b5|11:0e:77:3e:eb:56:f3:e9
Feb 24, 2020 20:58:04.567482000 EST|0x00000000|0x000069ce|fb:ff:ad:b3:8a:d3:1e:e6:1c:82:aa:7b:02:cd:99:52:1e:eb
Feb 24, 2020 20:58:04.621840000 EST|0x000069ce|0x00000000|5f:42:ee:03:b0:e8:3f:c4:66:23
